触发期号,上上期个位,上期个位,基数,定位3码,第1期,第2期,第3期,第4期,第5期,首次命中期,是否全挂,使用资金路径,备注
,,,,,,,,,,,,"1,1,2,2,3",
,,,,,,,,,,,,"1,1,2,2,3",
,,,,,,,,,,,,"1,1,2,2,3",
,,,,,,,,,,,,"1,1,2,2,3",
,,,,,,,,,,,,"1,1,2,2,3",
,,,,,,,,,,,,"1,1,2,2,3",
,,,,,,,,,,,,"1,1,2,2,3",
,,,,,,,,,,,,"1,1,2,2,3",
,,,,,,,,,,,,"1,1,2,2,3",
,,,,,,,,,,,,"1,1,2,2,3",
,,,,,,,,,,,,"1,1,2,2,3",
,,,,,,,,,,,,"1,1,2,2,3",
,,,,,,,,,,,,"1,1,2,2,3",
,,,,,,,,,,,,"1,1,2,2,3",
,,,,,,,,,,,,"1,1,2,2,3",
,,,,,,,,,,,,"1,1,2,2,3",
,,,,,,,,,,,,"1,1,2,2,3",
,,,,,,,,,,,,"1,1,2,2,3",
,,,,,,,,,,,,"1,1,2,2,3",
,,,,,,,,,,,,"1,1,2,2,3",
